keyword,status,date_published
nissan patrol y62 vs y63 dubai comparison,published,2026-05-11
nissan patrol transmission rebuild cost dubai aed,published,2026-05-11
al futtaim nissan service vs independent workshop dubai,pending,
best nissan patrol mechanic ras al khor,pending,
nissan patrol y62 fuel consumption dubai,pending,
nissan patrol resale value dubai 2026,pending,
nissan patrol y62 vs toyota land cruiser dubai,pending,
nissan patrol y62 reliability uae high mileage,pending,
nissan patrol y62 turbo upgrade dubai cost,pending,
nissan patrol service every how many km dubai,pending,
nissan patrol y61 super safari dubai buying guide,pending,
nissan patrol y62 nismo dubai worth it,pending,
nissan patrol differential repair cost uae,pending,
nissan patrol overheating dubai summer fix,pending,
nissan patrol y62 air suspension problems uae,pending,
nissan patrol y63 service cost dubai vs al futtaim,pending,
best nissan patrol y61 restoration workshop dubai,pending,
nissan patrol y62 brake service cost comparison dubai,pending,
nissan patrol independent garage vs dealership dubai,pending,
nissan patrol y61 engine rebuild price uae,pending,
nissan patrol y62 annual maintenance cost dubai,pending,
nissan patrol y63 vs y62 buying decision dubai,pending,
nissan patrol specialist workshop near dubai mall,pending,
nissan patrol y61 parts cost dubai authentic vs aftermarket,pending,
nissan patrol cvt transmission service cost dubai,pending,
